{
  "peak_wind_trend": {
    "slope": -0.19733930732191834,
    "intercept": 433.12787919687196,
    "r_value": -0.24251147368318035,
    "p_value": 1.7155272560077918e-25,
    "std_err": 0.01862282248600372,
    "description": "Linear regression of peak wind vs year"
  },
  "integrated_intensity_trend": {
    "slope": -16.330036157592797,
    "intercept": 37483.69717487634,
    "r_value": -0.10573553291215827,
    "p_value": 6.982591301128716e-06,
    "std_err": 3.6228534759274424,
    "description": "Linear regression of integrated intensity vs year"
  },
  "mannwhitney_peak_wind_early_vs_late": {
    "statistic": 315662.0,
    "p_value": 8.61025304795639e-09,
    "early_median": 40.0,
    "late_median": 38.0,
    "description": "Mann-Whitney U: peak wind pre-1990 vs post-2000"
  },
  "cat4_trend": {
    "slope_per_decade": -2.447120428301096,
    "p_value": 0.11092775081598097,
    "r_value": -0.6064747237070885,
    "description": "Linear regression of Cat4+ % vs decade"
  },
  "ri_trend": {
    "slope_per_decade": -5.516389877906511,
    "p_value": 0.07271040206838592,
    "r_value": -0.6637107468980453,
    "description": "Linear regression of RI% vs decade"
  },
  "kruskal_peak_wind_3periods": {
    "statistic": 0.7764071179922192,
    "p_value": 0.678274260383044,
    "period_medians": {
      "1980-1995": 35.0,
      "1996-2010": 35.0,
      "2011-2023": 35.0
    },
    "description": "Kruskal-Wallis: peak_wind across 3 satellite-era periods"
  },
  "kruskal_integrated_intensity_3periods": {
    "statistic": 0.3523372377399669,
    "p_value": 0.8384765884416348,
    "period_medians": {
      "1980-1995": 4066.5,
      "1996-2010": 4095.0,
      "2011-2023": 3976.5
    },
    "description": "Kruskal-Wallis: integrated_intensity across 3 satellite-era periods"
  }
}