{
  "accuracy": 0.3688110474907376,
  "macro_f1": 0.35089000501678175,
  "weighted_f1": 0.4105674774362922,
  "per_class_f1": {
    "Strengthening": 0.3117744610281924,
    "Str-then-Weak": 0.22310231023102312,
    "Weakening": 0.5328685258964143,
    "Maintaining": 0.3358147229114971
  },
  "per_class_precision": {
    "Strengthening": 0.8034188034188035,
    "Str-then-Weak": 0.13020030816640987,
    "Weakening": 0.837245696400626,
    "Maintaining": 0.2543859649122807
  },
  "per_class_recall": {
    "Strengthening": 0.1934156378600823,
    "Str-then-Weak": 0.7788018433179723,
    "Weakening": 0.3907962016070124,
    "Maintaining": 0.49391727493917276
  },
  "per_class_support": {
    "Strengthening": 972,
    "Str-then-Weak": 217,
    "Weakening": 1369,
    "Maintaining": 411
  },
  "confusion_matrix": [
    [
      188,
      575,
      30,
      179
    ],
    [
      4,
      169,
      16,
      28
    ],
    [
      9,
      437,
      535,
      388
    ],
    [
      33,
      117,
      58,
      203
    ]
  ],
  "report_str": "               precision    recall  f1-score   support\n\nStrengthening       0.80      0.19      0.31       972\nStr-then-Weak       0.13      0.78      0.22       217\n    Weakening       0.84      0.39      0.53      1369\n  Maintaining       0.25      0.49      0.34       411\n\n     accuracy                           0.37      2969\n    macro avg       0.51      0.46      0.35      2969\n weighted avg       0.69      0.37      0.41      2969\n"
}