{
  "mae_norm": 0.19971643388271332,
  "rmse_norm": 0.26348626613616943,
  "mae_ms": 4.992910847067833,
  "rmse_ms": 6.587156653404236,
  "r2": 0.40299373865127563,
  "mse_norm": 0.06942500919103622,
  "derived_cls_accuracy": 0.6331152491192753,
  "derived_cls_macro_f1": 0.5616175907120504
}