{
  "mae_norm": 0.19232627749443054,
  "rmse_norm": 0.254919171333313,
  "mae_ms": 4.8081569373607635,
  "rmse_ms": 6.372979283332825,
  "r2": 0.48455995321273804,
  "mse_norm": 0.0649837777018547,
  "derived_cls_accuracy": 0.6531577169875042,
  "derived_cls_macro_f1": 0.5639298794127784
}