{
  "mae_norm": 0.18698108196258545,
  "rmse_norm": 0.25183168053627014,
  "mae_ms": 4.674527049064636,
  "rmse_ms": 6.2957920134067535,
  "r2": 0.49582862854003906,
  "mse_norm": 0.06341920047998428,
  "derived_cls_accuracy": 0.658470865611317,
  "derived_cls_macro_f1": 0.5910047786906913
}