{
  "mae_norm": 0.19252708554267883,
  "rmse_norm": 0.25996220111846924,
  "mae_ms": 4.813177138566971,
  "rmse_ms": 6.499055027961731,
  "r2": 0.41885656118392944,
  "mse_norm": 0.06758034974336624,
  "derived_cls_accuracy": 0.6222949169602415,
  "derived_cls_macro_f1": 0.546614520056551
}