{
  "accuracy": 0.49250220523375476,
  "macro_f1": 0.3221957931313275,
  "weighted_f1": 0.4871898649904554,
  "per_class_f1": {
    "E": 0.31443298969072164,
    "NE": 0.06666666666666667,
    "N": 0.06896551724137931,
    "NW": 0.11494252873563218,
    "W": 0.6343042071197411,
    "SW": 0.5300285986653956,
    "S": 0.37681159420289856,
    "SE": 0.47141424272818455
  },
  "per_class_precision": {
    "E": 0.3860759493670886,
    "NE": 0.08,
    "N": 0.07692307692307693,
    "NW": 0.11363636363636363,
    "W": 0.6105919003115264,
    "SW": 0.4968722073279714,
    "S": 0.3739424703891709,
    "SE": 0.5452436194895591
  },
  "per_class_recall": {
    "E": 0.26521739130434785,
    "NE": 0.05714285714285714,
    "N": 0.0625,
    "NW": 0.11627906976744186,
    "W": 0.6599326599326599,
    "SW": 0.567926455566905,
    "S": 0.3797250859106529,
    "SE": 0.41519434628975266
  },
  "per_class_support": {
    "E": 230,
    "NE": 35,
    "N": 32,
    "NW": 86,
    "W": 891,
    "SW": 979,
    "S": 582,
    "SE": 566
  },
  "confusion_matrix": [
    [
      61,
      11,
      3,
      2,
      3,
      8,
      21,
      121
    ],
    [
      14,
      2,
      3,
      4,
      2,
      1,
      6,
      3
    ],
    [
      3,
      0,
      2,
      15,
      10,
      0,
      1,
      1
    ],
    [
      2,
      1,
      4,
      10,
      53,
      8,
      7,
      1
    ],
    [
      5,
      3,
      5,
      39,
      588,
      222,
      25,
      4
    ],
    [
      8,
      1,
      4,
      11,
      270,
      556,
      105,
      24
    ],
    [
      13,
      3,
      1,
      3,
      25,
      274,
      221,
      42
    ],
    [
      52,
      4,
      4,
      4,
      12,
      50,
      205,
      235
    ]
  ],
  "report_str": "              precision    recall  f1-score   support\n\n           E       0.39      0.27      0.31       230\n          NE       0.08      0.06      0.07        35\n           N       0.08      0.06      0.07        32\n          NW       0.11      0.12      0.11        86\n           W       0.61      0.66      0.63       891\n          SW       0.50      0.57      0.53       979\n           S       0.37      0.38      0.38       582\n          SE       0.55      0.42      0.47       566\n\n    accuracy                           0.49      3401\n   macro avg       0.34      0.32      0.32      3401\nweighted avg       0.49      0.49      0.49      3401\n"
}