{
  "accuracy": 0.3014594866633115,
  "macro_f1": 0.05790796597061098,
  "weighted_f1": 0.13965524556173517,
  "per_class_f1": {
    "E": 0.0,
    "NE": 0.0,
    "N": 0.0,
    "NW": 0.0,
    "W": 0.0,
    "SW": 0.46326372776488783,
    "S": 0.0,
    "SE": 0.0
  },
  "per_class_precision": {
    "E": 0.0,
    "NE": 0.0,
    "N": 0.0,
    "NW": 0.0,
    "W": 0.0,
    "SW": 0.3014594866633115,
    "S": 0.0,
    "SE": 0.0
  },
  "per_class_recall": {
    "E": 0.0,
    "NE": 0.0,
    "N": 0.0,
    "NW": 0.0,
    "W": 0.0,
    "SW": 1.0,
    "S": 0.0,
    "SE": 0.0
  },
  "per_class_support": {
    "E": 241,
    "NE": 36,
    "N": 33,
    "NW": 101,
    "W": 1121,
    "SW": 1198,
    "S": 656,
    "SE": 588
  },
  "confusion_matrix": [
    [
      0,
      0,
      0,
      0,
      0,
      241,
      0,
      0
    ],
    [
      0,
      0,
      0,
      0,
      0,
      36,
      0,
      0
    ],
    [
      0,
      0,
      0,
      0,
      0,
      33,
      0,
      0
    ],
    [
      0,
      0,
      0,
      0,
      0,
      101,
      0,
      0
    ],
    [
      0,
      0,
      0,
      0,
      0,
      1121,
      0,
      0
    ],
    [
      0,
      0,
      0,
      0,
      0,
      1198,
      0,
      0
    ],
    [
      0,
      0,
      0,
      0,
      0,
      656,
      0,
      0
    ],
    [
      0,
      0,
      0,
      0,
      0,
      588,
      0,
      0
    ]
  ],
  "report_str": "              precision    recall  f1-score   support\n\n           E       0.00      0.00      0.00       241\n          NE       0.00      0.00      0.00        36\n           N       0.00      0.00      0.00        33\n          NW       0.00      0.00      0.00       101\n           W       0.00      0.00      0.00      1121\n          SW       0.30      1.00      0.46      1198\n           S       0.00      0.00      0.00       656\n          SE       0.00      0.00      0.00       588\n\n    accuracy                           0.30      3974\n   macro avg       0.04      0.12      0.06      3974\nweighted avg       0.09      0.30      0.14      3974\n"
}