{
  "mae_km": 230.9152657111792,
  "mean_track_error_km": 230.9152657111792,
  "median_track_error_km": 185.33656704422637,
  "derived_accuracy": 0.5480624056366381,
  "derived_macro_f1": 0.3527888173072512,
  "r2_dlon": 0.7413156032562256,
  "r2_dlat": 0.5498871803283691,
  "mse_norm": 0.14716212451457977
}