{
  "mae_km": 214.40149496257536,
  "mean_track_error_km": 214.40149496257536,
  "median_track_error_km": 171.16576218190517,
  "derived_accuracy": 0.6092960592792186,
  "derived_macro_f1": 0.4068488015425058,
  "r2_dlon": 0.8052750825881958,
  "r2_dlat": 0.6549265384674072,
  "mse_norm": 0.1281595677137375
}