{
  "mae_km": 280.9203010844185,
  "mean_track_error_km": 280.9203010844185,
  "median_track_error_km": 213.0502378979741,
  "derived_accuracy": 0.4942663922375772,
  "derived_macro_f1": 0.33092627947427666,
  "r2_dlon": 0.6123736110198021,
  "r2_dlat": 0.36939960002205974,
  "mse_norm": 0.23371349603057925
}