{
  "mae_km": 235.55918518723962,
  "mean_track_error_km": 235.55918518723962,
  "median_track_error_km": 186.64792317105528,
  "derived_accuracy": 0.5525160418777441,
  "derived_macro_f1": 0.3674836699023392,
  "r2_dlon": 0.7595906853675842,
  "r2_dlat": 0.5747114419937134,
  "mse_norm": 0.15812349319458008
}