{
  "mae_km": 138.29439688600564,
  "mean_track_error_km": 138.29439688600564,
  "median_track_error_km": 113.42217396757326,
  "derived_accuracy": 0.7169099144438853,
  "derived_macro_f1": 0.5436712065662123,
  "r2_dlon": 0.916729748249054,
  "r2_dlat": 0.8159827589988708,
  "mse_norm": 0.05155874043703079
}