{
  "mae_km": 153.05076413900386,
  "mean_track_error_km": 153.05076413900386,
  "median_track_error_km": 126.24353505080158,
  "derived_accuracy": 0.7048294495103006,
  "derived_macro_f1": 0.5401767618426102,
  "r2_dlon": 0.9106403589248657,
  "r2_dlat": 0.8134278059005737,
  "mse_norm": 0.06231316179037094
}