{
  "accuracy": 0.28963261197785606,
  "macro_f1": 0.23818837514495017,
  "weighted_f1": 0.3144432596056156,
  "per_class_f1": {
    "E": 0.3584905660377358,
    "NE": 0.06642066420664207,
    "N": 0.02575107296137339,
    "NW": 0.09490940465918896,
    "W": 0.2684469430780042,
    "SW": 0.2892030848329049,
    "S": 0.45935960591133007,
    "SE": 0.34292565947242204
  },
  "per_class_precision": {
    "E": 0.2504118616144975,
    "NE": 0.03829787234042553,
    "N": 0.015,
    "NW": 0.05198487712665406,
    "W": 0.6324503311258278,
    "SW": 0.6284916201117319,
    "S": 0.3853305785123967,
    "SE": 0.5813008130081301
  },
  "per_class_recall": {
    "E": 0.6307053941908713,
    "NE": 0.25,
    "N": 0.09090909090909091,
    "NW": 0.5445544554455446,
    "W": 0.1703835860838537,
    "SW": 0.18781302170283806,
    "S": 0.5685975609756098,
    "SE": 0.24319727891156462
  },
  "per_class_support": {
    "E": 241,
    "NE": 36,
    "N": 33,
    "NW": 101,
    "W": 1121,
    "SW": 1198,
    "S": 656,
    "SE": 588
  },
  "confusion_matrix": [
    [
      152,
      45,
      12,
      11,
      0,
      0,
      12,
      9
    ],
    [
      15,
      9,
      0,
      10,
      0,
      0,
      0,
      2
    ],
    [
      6,
      8,
      3,
      16,
      0,
      0,
      0,
      0
    ],
    [
      10,
      9,
      12,
      55,
      12,
      1,
      2,
      0
    ],
    [
      38,
      46,
      93,
      554,
      191,
      101,
      93,
      5
    ],
    [
      46,
      46,
      49,
      319,
      99,
      225,
      404,
      10
    ],
    [
      59,
      36,
      20,
      62,
      0,
      29,
      373,
      77
    ],
    [
      281,
      36,
      11,
      31,
      0,
      2,
      84,
      143
    ]
  ],
  "report_str": "              precision    recall  f1-score   support\n\n           E       0.25      0.63      0.36       241\n          NE       0.04      0.25      0.07        36\n           N       0.01      0.09      0.03        33\n          NW       0.05      0.54      0.09       101\n           W       0.63      0.17      0.27      1121\n          SW       0.63      0.19      0.29      1198\n           S       0.39      0.57      0.46       656\n          SE       0.58      0.24      0.34       588\n\n    accuracy                           0.29      3974\n   macro avg       0.32      0.34      0.24      3974\nweighted avg       0.53      0.29      0.31      3974\n"
}