{
  "accuracy": 0.35735938026271474,
  "macro_f1": 0.27253200668241856,
  "weighted_f1": 0.378332929145097,
  "per_class_f1": {
    "E": 0.35376044568245124,
    "NE": 0.05194805194805195,
    "N": 0.06896551724137931,
    "NW": 0.1320754716981132,
    "W": 0.48099027409372236,
    "SW": 0.3579496090356212,
    "S": 0.4158415841584158,
    "SE": 0.3187250996015936
  },
  "per_class_precision": {
    "E": 0.25708502024291496,
    "NE": 0.03361344537815126,
    "N": 0.05172413793103448,
    "NW": 0.07829977628635347,
    "W": 0.681704260651629,
    "SW": 0.5770308123249299,
    "S": 0.33182844243792325,
    "SE": 0.5741626794258373
  },
  "per_class_recall": {
    "E": 0.5669642857142857,
    "NE": 0.11428571428571428,
    "N": 0.10344827586206896,
    "NW": 0.42168674698795183,
    "W": 0.37158469945355194,
    "SW": 0.2594458438287154,
    "S": 0.5568181818181818,
    "SE": 0.22058823529411764
  },
  "per_class_support": {
    "E": 224,
    "NE": 35,
    "N": 29,
    "NW": 83,
    "W": 732,
    "SW": 794,
    "S": 528,
    "SE": 544
  },
  "confusion_matrix": [
    [
      127,
      42,
      2,
      16,
      1,
      1,
      18,
      17
    ],
    [
      14,
      4,
      3,
      10,
      0,
      0,
      3,
      1
    ],
    [
      6,
      1,
      3,
      12,
      2,
      1,
      3,
      1
    ],
    [
      5,
      5,
      3,
      35,
      19,
      2,
      13,
      1
    ],
    [
      25,
      19,
      29,
      212,
      272,
      88,
      84,
      3
    ],
    [
      43,
      9,
      12,
      103,
      94,
      206,
      317,
      10
    ],
    [
      59,
      18,
      3,
      35,
      9,
      54,
      294,
      56
    ],
    [
      215,
      21,
      3,
      24,
      2,
      5,
      154,
      120
    ]
  ],
  "report_str": "              precision    recall  f1-score   support\n\n           E       0.26      0.57      0.35       224\n          NE       0.03      0.11      0.05        35\n           N       0.05      0.10      0.07        29\n          NW       0.08      0.42      0.13        83\n           W       0.68      0.37      0.48       732\n          SW       0.58      0.26      0.36       794\n           S       0.33      0.56      0.42       528\n          SE       0.57      0.22      0.32       544\n\n    accuracy                           0.36      2969\n   macro avg       0.32      0.33      0.27      2969\nweighted avg       0.51      0.36      0.38      2969\n"
}