{
  "accuracy": 0.38872002701789937,
  "macro_f1": 0.3010510938661221,
  "weighted_f1": 0.41529548450963605,
  "per_class_f1": {
    "E": 0.43202416918429004,
    "NE": 0.06593406593406594,
    "N": 0.06818181818181818,
    "NW": 0.10801963993453355,
    "W": 0.4074803149606299,
    "SW": 0.4392220421393841,
    "S": 0.4323458767013611,
    "SE": 0.4552008238928939
  },
  "per_class_precision": {
    "E": 0.3264840182648402,
    "NE": 0.05357142857142857,
    "N": 0.05084745762711865,
    "NW": 0.0625,
    "W": 0.708904109589041,
    "SW": 0.615909090909091,
    "S": 0.37447988904299584,
    "SE": 0.5175644028103045
  },
  "per_class_recall": {
    "E": 0.6383928571428571,
    "NE": 0.08571428571428572,
    "N": 0.10344827586206896,
    "NW": 0.39759036144578314,
    "W": 0.28591160220994477,
    "SW": 0.3413098236775819,
    "S": 0.5113636363636364,
    "SE": 0.40625
  },
  "per_class_support": {
    "E": 224,
    "NE": 35,
    "N": 29,
    "NW": 83,
    "W": 724,
    "SW": 794,
    "S": 528,
    "SE": 544
  },
  "confusion_matrix": [
    [
      143,
      20,
      5,
      11,
      0,
      0,
      16,
      29
    ],
    [
      10,
      3,
      4,
      8,
      0,
      0,
      3,
      7
    ],
    [
      5,
      0,
      3,
      19,
      1,
      0,
      1,
      0
    ],
    [
      7,
      3,
      5,
      33,
      22,
      2,
      7,
      4
    ],
    [
      16,
      3,
      27,
      274,
      207,
      102,
      84,
      11
    ],
    [
      14,
      5,
      9,
      144,
      55,
      271,
      268,
      28
    ],
    [
      27,
      10,
      4,
      25,
      3,
      62,
      270,
      127
    ],
    [
      216,
      12,
      2,
      14,
      4,
      3,
      72,
      221
    ]
  ],
  "report_str": "              precision    recall  f1-score   support\n\n           E       0.33      0.64      0.43       224\n          NE       0.05      0.09      0.07        35\n           N       0.05      0.10      0.07        29\n          NW       0.06      0.40      0.11        83\n           W       0.71      0.29      0.41       724\n          SW       0.62      0.34      0.44       794\n           S       0.37      0.51      0.43       528\n          SE       0.52      0.41      0.46       544\n\n    accuracy                           0.39      2961\n   macro avg       0.34      0.35      0.30      2961\nweighted avg       0.53      0.39      0.42      2961\n"
}