{
  "accuracy": 0.6349206349206349,
  "macro_f1": 0.48811065758477956,
  "weighted_f1": 0.632816522460535,
  "per_class_f1": {
    "E": 0.6375,
    "NE": 0.2127659574468085,
    "N": 0.058823529411764705,
    "NW": 0.3659574468085106,
    "W": 0.7122905027932961,
    "SW": 0.571003717472119,
    "S": 0.6345441067457376,
    "SE": 0.712
  },
  "per_class_precision": {
    "E": 0.59765625,
    "NE": 0.4166666666666667,
    "N": 0.2,
    "NW": 0.28289473684210525,
    "W": 0.7203389830508474,
    "SW": 0.6969147005444646,
    "S": 0.5213154689403167,
    "SE": 0.7807017543859649
  },
  "per_class_recall": {
    "E": 0.6830357142857143,
    "NE": 0.14285714285714285,
    "N": 0.034482758620689655,
    "NW": 0.5180722891566265,
    "W": 0.7044198895027625,
    "SW": 0.4836272040302267,
    "S": 0.8106060606060606,
    "SE": 0.6544117647058824
  },
  "per_class_support": {
    "E": 224,
    "NE": 35,
    "N": 29,
    "NW": 83,
    "W": 724,
    "SW": 794,
    "S": 528,
    "SE": 544
  },
  "confusion_matrix": [
    [
      153,
      2,
      2,
      8,
      2,
      0,
      19,
      38
    ],
    [
      17,
      5,
      0,
      5,
      2,
      0,
      2,
      4
    ],
    [
      3,
      0,
      1,
      17,
      8,
      0,
      0,
      0
    ],
    [
      3,
      0,
      0,
      43,
      32,
      3,
      2,
      0
    ],
    [
      7,
      5,
      1,
      66,
      510,
      119,
      16,
      0
    ],
    [
      1,
      0,
      1,
      6,
      145,
      384,
      250,
      7
    ],
    [
      3,
      0,
      0,
      3,
      6,
      37,
      428,
      51
    ],
    [
      69,
      0,
      0,
      4,
      3,
      8,
      104,
      356
    ]
  ],
  "report_str": "              precision    recall  f1-score   support\n\n           E       0.60      0.68      0.64       224\n          NE       0.42      0.14      0.21        35\n           N       0.20      0.03      0.06        29\n          NW       0.28      0.52      0.37        83\n           W       0.72      0.70      0.71       724\n          SW       0.70      0.48      0.57       794\n           S       0.52      0.81      0.63       528\n          SE       0.78      0.65      0.71       544\n\n    accuracy                           0.63      2961\n   macro avg       0.53      0.50      0.49      2961\nweighted avg       0.66      0.63      0.63      2961\n"
}