{
  "accuracy": 0.6348766985405133,
  "macro_f1": 0.4573722467651669,
  "weighted_f1": 0.6319791398172452,
  "per_class_f1": {
    "E": 0.5951035781544256,
    "NE": 0.07547169811320754,
    "N": 0.0,
    "NW": 0.36875,
    "W": 0.7363100252737995,
    "SW": 0.5814432989690722,
    "S": 0.5972789115646259,
    "SE": 0.7046204620462047
  },
  "per_class_precision": {
    "E": 0.5448275862068965,
    "NE": 0.11764705882352941,
    "N": 0.0,
    "NW": 0.2694063926940639,
    "W": 0.6975259377494014,
    "SW": 0.7601078167115903,
    "S": 0.5393120393120393,
    "SE": 0.6842948717948718
  },
  "per_class_recall": {
    "E": 0.6556016597510373,
    "NE": 0.05555555555555555,
    "N": 0.0,
    "NW": 0.5841584158415841,
    "W": 0.7796610169491526,
    "SW": 0.4707846410684474,
    "S": 0.6692073170731707,
    "SE": 0.7261904761904762
  },
  "per_class_support": {
    "E": 241,
    "NE": 36,
    "N": 33,
    "NW": 101,
    "W": 1121,
    "SW": 1198,
    "S": 656,
    "SE": 588
  },
  "confusion_matrix": [
    [
      158,
      2,
      3,
      12,
      3,
      0,
      7,
      56
    ],
    [
      17,
      2,
      3,
      5,
      3,
      0,
      0,
      6
    ],
    [
      3,
      1,
      0,
      24,
      4,
      0,
      0,
      1
    ],
    [
      2,
      0,
      2,
      59,
      34,
      1,
      3,
      0
    ],
    [
      7,
      6,
      3,
      94,
      874,
      116,
      18,
      3
    ],
    [
      8,
      2,
      1,
      11,
      312,
      564,
      290,
      10
    ],
    [
      9,
      0,
      1,
      8,
      20,
      58,
      439,
      121
    ],
    [
      86,
      4,
      2,
      6,
      3,
      3,
      57,
      427
    ]
  ],
  "report_str": "              precision    recall  f1-score   support\n\n           E       0.54      0.66      0.60       241\n          NE       0.12      0.06      0.08        36\n           N       0.00      0.00      0.00        33\n          NW       0.27      0.58      0.37       101\n           W       0.70      0.78      0.74      1121\n          SW       0.76      0.47      0.58      1198\n           S       0.54      0.67      0.60       656\n          SE       0.68      0.73      0.70       588\n\n    accuracy                           0.63      3974\n   macro avg       0.45      0.49      0.46      3974\nweighted avg       0.66      0.63      0.63      3974\n"
}