{
  "mae_km": 216.33096513651088,
  "mean_track_error_km": 216.33096513651088,
  "median_track_error_km": 174.98762926163468,
  "derived_accuracy": 0.6082856180532166,
  "derived_macro_f1": 0.40841465832320745,
  "r2_dlon": 0.8000110983848572,
  "r2_dlat": 0.6567806005477905,
  "mse_norm": 0.13023728132247925
}