{
  "mae_km": 215.94357847055707,
  "mean_track_error_km": 215.94357847055707,
  "median_track_error_km": 172.73717632417163,
  "derived_accuracy": 0.6133378241832267,
  "derived_macro_f1": 0.4112286414194315,
  "r2_dlon": 0.7977468967437744,
  "r2_dlat": 0.6617835164070129,
  "mse_norm": 0.1306094378232956
}