{
  "mae_km": 218.0531361141417,
  "mean_track_error_km": 218.0531361141417,
  "median_track_error_km": 176.16108582690111,
  "derived_accuracy": 0.6049174806332098,
  "derived_macro_f1": 0.40973739088412586,
  "r2_dlon": 0.7954683899879456,
  "r2_dlat": 0.6554792523384094,
  "mse_norm": 0.1323901265859604
}