{
  "mae_km": 216.51027870589098,
  "mean_track_error_km": 216.51027870589098,
  "median_track_error_km": 172.51179012021606,
  "derived_accuracy": 0.6072751768272145,
  "derived_macro_f1": 0.4029433253600039,
  "r2_dlon": 0.7986342310905457,
  "r2_dlat": 0.6581043004989624,
  "mse_norm": 0.13067671656608582
}