{
  "mae_km": 149.7882466426162,
  "mean_track_error_km": 149.7882466426162,
  "median_track_error_km": 123.84882676338685,
  "derived_accuracy": 0.6909914443885254,
  "derived_macro_f1": 0.5441990997604048,
  "r2_dlon": 0.9065043926239014,
  "r2_dlat": 0.7818827629089355,
  "mse_norm": 0.059121113270521164
}