{
  "mae_km": 140.98855162387125,
  "mean_track_error_km": 140.98855162387125,
  "median_track_error_km": 115.80022902837214,
  "derived_accuracy": 0.7116255661801711,
  "derived_macro_f1": 0.517446150040004,
  "r2_dlon": 0.9148244261741638,
  "r2_dlat": 0.8056620359420776,
  "mse_norm": 0.05339239910244942
}