{
  "mae_km": 144.3455829960814,
  "mean_track_error_km": 144.3455829960814,
  "median_track_error_km": 121.0805289157249,
  "derived_accuracy": 0.7050830397584298,
  "derived_macro_f1": 0.5601454805345701,
  "r2_dlon": 0.911018967628479,
  "r2_dlat": 0.8015453815460205,
  "mse_norm": 0.05528921261429787
}