{
  "mae_km": 141.54413952857186,
  "mean_track_error_km": 141.54413952857186,
  "median_track_error_km": 117.26301711996604,
  "derived_accuracy": 0.712128837443382,
  "derived_macro_f1": 0.5493313316788737,
  "r2_dlon": 0.914531946182251,
  "r2_dlat": 0.7988330125808716,
  "mse_norm": 0.05423517897725105
}